SMILES,IC50,IC50_unit
CC(=O)Oc1ccccc1C(=O)O,0.0025,uM
CC(C)Cc1ccc(C(C)C(=O)O)cc1,15,nM
CC(=O)Nc1ccc(O)cc1,40,nM
Cn1cnc2c1c(=O)n(C)c(=O)n2C,80,nM
CC(C)NCC(O)c1ccc(O)c(CO)c1,120,nM
COc1ccc2cc(C(C)C(=O)O)ccc2c1,0.25,uM
O=C(O)Cc1ccccc1Nc1c(Cl)cccc1Cl,800,nM
O=C(O)c1ccccc1O,1500,nM
CC(C)NCC(O)COc1cccc2ccccc12,2.5,nM
CN1CCC(c2ccccc2)CC1,15,nM
c1ccc2[nH]ccc2c1,0.04,uM
COc1ccc(CCN(C)C)cc1,80,nM
CC(=O)c1ccc(O)cc1,120,nM
CCO,250,nM
c1ccccc1,800,nM
CC(C)O,1.5,uM
CC(=O)O,2.5,nM
Nc1ccccc1,15,nM
O=C1CCCN1,40,nM
c1ccncc1,80,nM
Clc1ccccc1,0.12,uM
CCN(CC)CC,250,nM
COc1ccccc1,800,nM
CC(C)Cc1ccccc1,1500,nM
CC(C)NCC(O)c1ccc(O)cc1,2.5,nM
COc1ccc(Cl)cc1,0.015,uM
CC(=O)Nc1ccc(Cl)cc1,40,nM
O=C(O)c1cccnc1,80,nM
c1ccc(N)cc1,120,nM
CCOc1ccccc1,250,nM
C,50,nM
CO,20,nM
CCOC,0.08,uM
c1ccccc1O,12,nM
CCN,300,nM
CCC(=O)O,0.5,uM
